iso3c,country,year,region,income,female_lfpr,male_lfpr,gdp_pc,gender_gap,female_male_ratio,log_gdp_pc
BDI,Burundi,2024,Sub-Saharan Africa,Low income,79.728,77.215,1048.05557098193,-2.512999999999991,103.25454898659585,6.954691889221289
MDA,Moldova,2024,Europe & Central Asia,Upper middle income,72.177,72.137,16393.8633257184,-0.04000000000000625,100.05545004643943,9.7046623563305
STP,Sao Tome and Principe,2024,Sub-Saharan Africa,Lower middle income,22.771,24.028,5511.87785469752,1.256999999999998,94.7686032961545,8.614660652559992
PNG,Papua New Guinea,2024,East Asia & Pacific,Lower middle income,50.697,53.163,4292.71205430013,2.465999999999994,95.36143558489928,8.364673992669696
TGO,Togo,2024,Sub-Saharan Africa,Lower middle income,56.604,59.155,3351.24993111939,2.551000000000002,95.68760037190431,8.117088668996463
BEN,Benin,2024,Sub-Saharan Africa,Lower middle income,74.985,77.568,3901.32588494392,2.5829999999999984,96.67001856435644,8.269071744839303
MOZ,Mozambique,2024,Sub-Saharan Africa,Low income,77.206,80.55,1500.70758504856,3.343999999999994,95.8485412787089,7.313691999229519
SLE,Sierra Leone,2024,Sub-Saharan Africa,Low income,51.815,55.384,3098.76290446676,3.5690000000000026,93.555900621118,8.03875824775114
NGA,Nigeria,2024,Sub-Saharan Africa,Lower middle income,80.714,84.385,7994.03754470824,3.6710000000000065,95.6497007762043,8.986451235871227
SLB,Solomon Islands,2024,East Asia & Pacific,Lower middle income,82.328,86.158,2353.54960111186,3.8299999999999983,95.5546786137097,7.76367993608623
GMB,"Gambia, The",2024,Sub-Saharan Africa,Low income,45.428,49.643,3057.6841778633,4.215000000000003,91.50937695143323,8.025413103805404
COG,"Congo, Rep.",2024,Sub-Saharan Africa,Lower middle income,65.604,70.117,6152.5650911844205,4.513000000000005,93.56361510047492,8.724624361841009
COD,"Congo, Dem. Rep.",2024,Sub-Saharan Africa,Low income,61.886,67.021,1601.70926640422,5.134999999999998,92.33822234821922,7.378826629513212
MDG,Madagascar,2024,Sub-Saharan Africa,Low income,82.915,88.051,1659.15030770194,5.135999999999996,94.16701684251173,7.4140608874739335
AGO,Angola,2024,Sub-Saharan Africa,Lower middle income,72.359,77.522,8752.7974709833,5.163000000000011,93.33995510951728,9.077128639224519
AZE,Azerbaijan,2024,Europe & Central Asia,Upper middle income,61.35,66.664,22090.5298026929,5.314,92.02868114724589,10.002904279951494
SWZ,Eswatini,2024,Sub-Saharan Africa,Lower middle income,48.422,54.154,10386.2145717572,5.732000000000006,89.4153709790597,9.248234683901735
SWE,Sweden,2024,Europe & Central Asia,High income,61.68,67.772,62558.4065876041,6.092000000000006,91.01103700643333,11.04385590474783
BHS,"Bahamas, The",2024,Latin America & Caribbean,High income,70.973,77.393,36244.0500123244,6.420000000000002,91.70467613350044,10.49803050921972
FIN,Finland,2024,Europe & Central Asia,High income,56.668,63.151,55901.3202296588,6.483000000000004,89.73412930911624,10.93134327656839
ISR,Israel,2024,"Middle East, North Africa, Afghanistan & Pakistan",High income,62.196,68.898,47388.7236682364,6.701999999999998,90.27257685273882,10.766139582086527
GHA,Ghana,2024,Sub-Saharan Africa,Lower middle income,55.733,62.438,7072.79879594445,6.705000000000005,89.26134725647842,8.864011549854114
NOR,Norway,2024,Europe & Central Asia,High income,62.292,69.345,94803.6704931641,7.052999999999997,89.82911529309973,11.459563405775901
TZA,Tanzania,2024,Sub-Saharan Africa,Lower middle income,80.288,87.368,3713.26293945313,7.079999999999998,91.89634648841681,8.219666267574178
PRT,Portugal,2024,Europe & Central Asia,High income,54.888,62.434,42228.1580446502,7.545999999999999,87.91363680046129,10.650842529753197
BRB,Barbados,2024,Latin America & Caribbean,High income,61.371,68.984,21557.5276350385,7.612999999999992,88.96410761915807,9.978480344747888
TKM,Turkmenistan,2024,Europe & Central Asia,Upper middle income,38.35,46.28,18470.7438450744,7.93,82.86516853932584,9.823943345532014
FRA,France,2024,Europe & Central Asia,High income,51.773,59.896,54799.3482689389,8.122999999999998,86.43815947642581,10.91143357996281
NAM,Namibia,2024,Sub-Saharan Africa,Lower middle income,54.911,63.114,10276.3686426386,8.202999999999996,87.0028836708179,9.237602231723974
LUX,Luxembourg,2024,Europe & Central Asia,High income,57.645,65.852,128475.283540415,8.207,87.53720464070946,11.76349181882756
AUS,Australia,2024,East Asia & Pacific,High income,62.647,70.918,60309.5831772339,8.271000000000008,88.33723455258185,11.007246295083625
GBR,United Kingdom,2024,Europe & Central Asia,High income,57.489,65.819,53412.0647163589,8.330000000000005,87.34407997690636,10.885791930447674
DNK,Denmark,2024,Europe & Central Asia,High income,60.902,69.289,71034.5789667138,8.387,87.89562556827202,11.170922065164149
NZL,New Zealand,2024,East Asia & Pacific,High income,66.255,74.968,48325.3650985684,8.713000000000008,88.37770782200406,10.785711859114073
CAN,Canada,2024,North America,High income,60.415,69.169,57534.0915185335,8.753999999999998,87.3440414058321,10.960132947066562
VNM,Viet Nam,2024,East Asia & Pacific,Upper middle income,68.905,77.684,14396.4217369473,8.778999999999996,88.69908861541631,9.574734964195445
KEN,Kenya,2024,Sub-Saharan Africa,Lower middle income,63.012,71.94,5841.59866001706,8.927999999999997,87.58965804837365,8.672759781515058
EST,Estonia,2024,Europe & Central Asia,High income,61.258,70.208,41185.8348356109,8.949999999999996,87.25216499544212,10.625849661550165
UGA,Uganda,2024,Sub-Saharan Africa,Low income,75.556,84.573,2879.67009290376,9.016999999999996,89.33820486443665,7.965431015493433
LAO,Lao PDR,2024,East Asia & Pacific,Lower middle income,61.466,70.527,8600.3245466568,9.061,87.15243807336196,9.059555219512887
MWI,Malawi,2024,Sub-Saharan Africa,Low income,58.534,67.689,1634.24660266597,9.154999999999994,86.47490729660655,7.398937183656944
CHE,Switzerland,2024,Europe & Central Asia,High income,62.53,71.789,85448.0585577007,9.259,87.10248088147209,11.355663968071477
NLD,Netherlands,2024,Europe & Central Asia,High income,62.882,72.151,70493.9051219267,9.268999999999998,87.15333120816067,11.163281532891903
LBR,Liberia,2024,Sub-Saharan Africa,Low income,72.021,81.301,1646.05861366601,9.280000000000001,88.58562625305962,7.40613899036364
BEL,Belgium,2024,Europe & Central Asia,High income,49.97,59.298,63311.2766917178,9.328000000000003,84.26928395561401,11.055818739054603
GNB,Guinea-Bissau,2024,Sub-Saharan Africa,Low income,60.17,69.584,2717.54206972499,9.414000000000001,86.47102782248793,7.90748309991509
ESP,Spain,2024,Europe & Central Asia,High income,53.195,62.732,48460.2914069661,9.536999999999999,84.79723267232035,10.788500007702954
ISL,Iceland,2024,Europe & Central Asia,High income,70.252,79.832,68230.356652817,9.579999999999998,87.99979957911614,11.130644857009893
VUT,Vanuatu,2024,East Asia & Pacific,Lower middle income,53.531,63.193,3837.03937446048,9.661999999999999,84.71033184055196,8.252456351977068
HRV,Croatia,2024,Europe & Central Asia,High income,47.541,57.634,42828.7997273569,10.093000000000004,82.48776763715861,10.664966046106459
BWA,Botswana,2024,Sub-Saharan Africa,Upper middle income,63.45,73.772,18107.614452913,10.322000000000003,86.00824160928265,9.804087816795771
HKG,"Hong Kong SAR, China",2024,East Asia & Pacific,High income,52.256,62.585,66186.0448635456,10.329,83.49604537828553,11.10022491703762
AUT,Austria,2024,Europe & Central Asia,High income,55.408,65.842,63787.9891749462,10.433999999999997,84.15297226694207,11.06332019416424
IRL,Ireland,2024,Europe & Central Asia,High income,59.838,70.374,118833.312071751,10.535999999999994,85.02856168471311,11.685477051249016
KHM,Cambodia,2024,East Asia & Pacific,Lower middle income,77.299,87.842,7011.58146903703,10.542999999999992,87.99776872111292,8.85531855644414
MAC,"Macao SAR, China",2024,East Asia & Pacific,High income,63.512,74.056,111693.502831434,10.543999999999997,85.76212595873393,11.623513817129528
TLS,Timor-Leste,2024,East Asia & Pacific,Lower middle income,61.457,72.032,3890.95754653453,10.574999999999996,85.31902487783208,8.266410562242568
SVN,Slovenia,2024,Europe & Central Asia,High income,52.644,63.251,48658.0265180267,10.607,83.23030465921487,10.79257205895993
USA,United States,2024,North America,High income,56.561,67.353,75698.1773354629,10.791999999999994,83.97695722536488,11.234509361664905
DEU,Germany,2024,Europe & Central Asia,High income,55.622,66.422,62654.602264023,10.799999999999997,83.74032700009033,11.045392417546726
CHN,China,2024,East Asia & Pacific,Upper middle income,59.448,70.267,23841.4769141817,10.818999999999996,84.60301421720011,10.079182070358621
SVK,Slovak Republic,2024,Europe & Central Asia,High income,55.464,66.492,40302.4514288424,11.028000000000006,83.41454611081032,10.604167575584547
KAZ,Kazakhstan,2024,Europe & Central Asia,Upper middle income,65.291,76.388,35973.9633287017,11.097000000000008,85.47284913860815,10.490550714904
ZMB,Zambia,2024,Sub-Saharan Africa,Lower middle income,56.366,67.629,3708.06904295647,11.263000000000005,83.34590190598708,8.218266546511444
LTU,Lithuania,2024,Europe & Central Asia,High income,57.86,69.138,47462.0039386975,11.278000000000006,83.68769706962885,10.767684752838296
HTI,Haiti,2024,Latin America & Caribbean,Lower middle income,58.321,69.83,2783.79140882788,11.509,83.51854503794931,7.931569093657307
CYP,Cyprus,2024,Europe & Central Asia,High income,61.408,72.933,52861.8359375,11.525000000000006,84.1978254013958,10.87543691963043
SGP,Singapore,2024,East Asia & Pacific,High income,63.136,74.861,134548.764138482,11.725000000000001,84.33763909111553,11.809681970965949
LVA,Latvia,2024,Europe & Central Asia,High income,55.516,67.242,37615.0762450744,11.726000000000006,82.56149430415513,10.53516021297816
BOL,Bolivia,2024,Latin America & Caribbean,Lower middle income,72.389,84.324,11329.1518061536,11.935000000000002,85.84625966510127,9.335134488567771
ALB,Albania,2024,Europe & Central Asia,Upper middle income,58.154,70.121,21640.9835773271,11.966999999999992,82.93378588439984,9.982344183744848
ZAF,South Africa,2024,Sub-Saharan Africa,Upper middle income,49.801,61.788,13597.6538495998,11.986999999999995,80.59979284003367,9.51765254578356
BGR,Bulgaria,2024,Europe & Central Asia,High income,50.487,62.575,34221.3866940362,12.088000000000001,80.68238114262884,10.44060606953679
BFA,Burkina Faso,2024,Sub-Saharan Africa,Low income,64.113,76.222,2548.50247702504,12.108999999999995,84.11351053501615,7.84326120173373
ZWE,Zimbabwe,2024,Sub-Saharan Africa,Lower middle income,62.115,74.358,5211.89755587954,12.243000000000002,83.5350601145808,8.558699282617862
PRI,Puerto Rico (US),2024,Latin America & Caribbean,High income,36.681,49.436,44216.4333367133,12.755000000000003,74.19896431750142,10.696851793915439
LCA,St. Lucia,2024,Latin America & Caribbean,Upper middle income,61.885,74.81,24699.9694711589,12.925000000000004,82.72289800828766,10.114557286629836
CPV,Cabo Verde,2024,Sub-Saharan Africa,Upper middle income,50.429,63.458,9825.53410093619,13.028999999999996,79.4683097481799,9.192739796678376
HUN,Hungary,2024,Europe & Central Asia,High income,54.398,67.595,40747.1986679668,13.196999999999996,80.476366595162375,10.615142371961635
BLR,Belarus,2024,Europe & Central Asia,Upper middle income,57.229,70.43,29135.9465139232,13.201000000000008,81.25656680391877,10.27972796622721
JAM,Jamaica,2024,Latin America & Caribbean,Upper middle income,62.913,76.208,11340.2638800451,13.295000000000002,82.55432500524878,9.336114846856251
NER,Niger,2024,Sub-Saharan Africa,Low income,72.787,86.14,1795.65266888022,13.352999999999994,84.49849082888322,7.4931238386675165
RWA,Rwanda,2024,Sub-Saharan Africa,Low income,57.099,70.508,3325.00769683815,13.408999999999999,80.98229988086459,8.109227267925817
SRB,Serbia,2024,Europe & Central Asia,Upper middle income,52.619,66.56,26900.7415340646,13.941000000000003,79.05498798076923,10.19990913153209
POL,Poland,2024,Europe & Central Asia,High income,51.913,65.976,45153.0439773281,14.063000000000002,78.68467321450224,10.717812975782483
CZE,Czechia,2024,Europe & Central Asia,High income,53.656,67.887,47972.53171792,14.231000000000002,79.03722362160649,10.778383870212473
MNE,Montenegro,2024,Europe & Central Asia,Upper middle income,51.429,65.813,28105.5927726624,14.384,78.14413565708902,10.243723866573387
GNQ,Equatorial Guinea,2024,Sub-Saharan Africa,Upper middle income,53.044,67.585,14997.7564392976,14.540999999999997,78.48487090330694,9.61565589818404
RUS,Russian Federation,2024,Europe & Central Asia,High income,55.214,69.783,41891.171875,14.569000000000003,79.12242236647894,10.642830388603498
CIV,Cote d'Ivoire,2024,Sub-Saharan Africa,Lower middle income,59.465,74.421,6747.0379677706,14.956000000000003,79.90352185539028,8.816858867967543
GRC,Greece,2024,Europe & Central Asia,High income,45.027,60.253,37474.2798239947,15.225999999999999,74.72988896818416,10.531410105280996
BTN,Bhutan,2024,South Asia,Lower middle income,56.636,71.975,15603.8871298469,15.338999999999992,78.68843348384857,9.655275337188883
KOR,"Korea, Rep.",2024,East Asia & Pacific,High income,56.826,72.181,55070.9386194121,15.354999999999997,78.72708884609524,10.91637742622626
THA,Thailand,2024,East Asia & Pacific,Upper middle income,59.473,75.353,21882.2142474833,15.879999999999995,78.92585563945697,9.993429451026337
JPN,Japan,2024,East Asia & Pacific,High income,55.596,71.495,47479.8448545667,15.899000000000008,77.76208126442408,10.768060581122787
MLT,Malta,2024,"Middle East, North Africa, Afghanistan & Pakistan",High income,55.894,71.824,62398.4892388947,15.93,77.82078413900646,11.04129634314928
PER,Peru,2024,Latin America & Caribbean,Upper middle income,64.939,80.88,15708.8329440963,15.941000000000003,80.29055390702274,9.661978441036132
URY,Uruguay,2024,Latin America & Caribbean,High income,57.264,73.458,32149.480073986,16.193999999999996,77.95474965286286,10.37815155765276
GUY,Guyana,2024,Latin America & Caribbean,High income,47.381,63.597,70516.7027944836,16.216,74.50194191549916,11.163604879810158
COM,Comoros,2024,Sub-Saharan Africa,Lower middle income,47.126,63.633,3556.0384263801,16.507000000000005,74.0590574073201,8.176402402644054
MNG,Mongolia,2024,East Asia & Pacific,Upper middle income,52.1,68.818,16842.6505873797,16.717999999999996,75.70693713853935,9.731669673710963
GEO,Georgia,2024,Europe & Central Asia,Upper middle income,56.673,73.604,24146.6234108645,16.930999999999997,76.99717406662681,10.091899831949855
CMR,Cameroon,2024,Sub-Saharan Africa,Lower middle income,57.104,74.14,4916.93354019494,17.036,77.02185055300782,8.500440350988468
TON,Tonga,2024,East Asia & Pacific,Upper middle income,42.5,59.68,7180.98743332878,17.18,71.21313672922253,8.879192178119757
VCT,St. Vincent and the Grenadines,2024,Latin America & Caribbean,Upper middle income,59.253,76.489,18714.198849353,17.236000000000004,77.46604086862163,9.837037811479577
CAF,Central African Republic,2024,Sub-Saharan Africa,Low income,65.544,82.803,1111.21941638883,17.259,79.15655229882975,7.013213264639556
ITA,Italy,2024,Europe & Central Asia,High income,41.03,58.664,53284.8745049149,17.634,69.94067912177826,10.883407789485068
SUR,Suriname,2024,Latin America & Caribbean,Upper middle income,44.887,62.913,19179.101839106,18.025999999999996,71.34773417258755,9.861576519348576
BRN,Brunei Darussalam,2024,East Asia & Pacific,High income,54.71,73.057,79071.7333801445,18.347,74.88673227753672,11.278110736920862
ARM,Armenia,2024,Europe & Central Asia,Upper middle income,51.586,70.048,20078.7848984844,18.462000000000003,73.6437871174052,9.907419058950993
GAB,Gabon,2024,Sub-Saharan Africa,Upper middle income,41.808,60.438,18923.6616609778,18.630000000000003,69.17502233694033,9.848168357758924
LSO,Lesotho,2024,Sub-Saharan Africa,Lower middle income,48.457,67.173,2697.62738436647,18.716,72.13761481547645,7.900127919137414
CHL,Chile,2024,Latin America & Caribbean,High income,52.784,72.019,30267.6440919907,19.235000000000007,73.29177022730113,10.317834569188081
MKD,North Macedonia,2024,Europe & Central Asia,Upper middle income,42.884,62.244,24203.1855800189,19.36,68.89660047554784,10.094239539019553
ARG,Argentina,2024,Latin America & Caribbean,Upper middle income,52.281,71.769,26771.9657650571,19.488000000000007,72.84621493959787,10.195110565460455
ROU,Romania,2024,Europe & Central Asia,High income,41.904,61.846,40503.8323253789,19.941999999999993,67.75539242634933,10.609151873935936
BRA,Brazil,2024,Latin America & Caribbean,Upper middle income,53.576,73.602,19652.365499171,20.026000000000003,72.79150023097199,9.88595299168932
ETH,Ethiopia,2024,Sub-Saharan Africa,Low income,58.391,78.722,2892.22220162795,20.330999999999996,74.17367444932802,7.969780413531821
TTO,Trinidad and Tobago,2024,Latin America & Caribbean,High income,48.149,68.516,31960.1568888983,20.367000000000004,70.27409656138711,10.372245308782377
GIN,Guinea,2024,Sub-Saharan Africa,Lower middle income,42.882,63.261,4016.34191385979,20.379000000000005,67.78583961682553,8.298126795660833
BIH,Bosnia and Herzegovina,2024,Europe & Central Asia,Upper middle income,39.399,60.354,20578.4995446816,20.955,65.27984889153991,9.932002098308402
PHL,Philippines,2024,East Asia & Pacific,Upper middle income,50.511,72.54,10378.1717703535,22.029000000000003,69.63192721257238,9.247460011183417
MUS,Mauritius,2024,Sub-Saharan Africa,Upper middle income,47.45,69.877,27844.8956114831,22.426999999999992,67.90503312964209,10.234404947102506
PRY,Paraguay,2024,Latin America & Caribbean,Upper middle income,58.944,81.715,16367.4940166481,22.771,72.13363519549655,9.70305257475221
DOM,Dominican Republic,2024,Latin America & Caribbean,Upper middle income,53.266,76.371,24229.8894872915,23.104999999999997,69.74636969530319,10.095342252813438
PAN,Panama,2024,Latin America & Caribbean,High income,54.832,77.999,36394.9235366316,23.166999999999994,70.2983371581687,10.502184580619573
CRI,Costa Rica,2024,Latin America & Caribbean,High income,45.982,69.857,27325.0470476503,23.875,65.82303849292124,10.21555903482369
WSM,Samoa,2024,East Asia & Pacific,Upper middle income,31.145,55.203,7687.23425552485,24.058000000000003,56.419035197362454,8.947316343130261
COL,Colombia,2024,Latin America & Caribbean,Upper middle income,51.719,75.862,18481.8374929368,24.142999999999994,68.17510743191585,9.824543771688672
TCD,Chad,2024,Sub-Saharan Africa,Low income,47.554,71.776,2430.73298355271,24.221999999999994,66.25334373606778,7.795948130172703
ECU,Ecuador,2024,Latin America & Caribbean,Upper middle income,52.394,76.948,13922.4222780744,24.553999999999995,68.09013879503041,9.541255932979174
DJI,Djibouti,2024,"Middle East, North Africa, Afghanistan & Pakistan",Lower middle income,19.235,44.745,6871.12440453129,25.509999999999998,42.98804335679964,8.835083040605967
NPL,Nepal,2024,South Asia,Lower middle income,27.378,53.066,5047.42449022702,25.688000000000002,51.59235668789809,8.52663339023894
BLZ,Belize,2024,Latin America & Caribbean,Upper middle income,43.833,69.766,12621.4081961897,25.933000000000007,62.82859845770146,9.443149714354247
SOM,"Somalia, Fed. Rep.",2024,Sub-Saharan Africa,Low income,20.722,47.322,1409.33492233283,26.6,43.78935801529944,7.25087318580447
KGZ,Kyrgyz Republic,2024,Europe & Central Asia,Lower middle income,44.256,71.5,7210.57669830499,27.244,61.8965034965035,8.883304212975576
MYS,Malaysia,2024,East Asia & Pacific,Upper middle income,51.617,79.181,34116.2317848885,27.564,65.18861848170647,10.437528555438917
SEN,Senegal,2024,Sub-Saharan Africa,Lower middle income,37.99,65.598,4477.81736836258,27.607999999999997,57.9133510167993,8.406891012129275
MLI,Mali,2024,Sub-Saharan Africa,Low income,53.093,81.045,2917.93245883671,27.951999999999998,65.51051884755384,7.978630582425785
SLV,El Salvador,2024,Latin America & Caribbean,Upper middle income,48.957,76.995,11647.0234480127,28.038000000000004,63.584648353789206,9.362805928324004
IDN,Indonesia,2024,East Asia & Pacific,Upper middle income,53.588,82.336,14470.7179806578,28.747999999999998,65.08453167508745,9.579882436961107
MMR,Myanmar,2024,East Asia & Pacific,Lower middle income,40.959,69.714,5276.29433987853,28.754999999999995,58.75290472501937,8.570979300734182
LBY,Libya,2024,"Middle East, North Africa, Afghanistan & Pakistan",Upper middle income,33.28,62.86,12583.8338726816,29.58,52.94304804327076,9.440168243179391
MEX,Mexico,2024,Latin America & Caribbean,Upper middle income,47.414,77.215,21970.3520412926,29.801000000000002,61.405167389755874,9.99744918897775
MRT,Mauritania,2024,Sub-Saharan Africa,Lower middle income,26.239,56.851,6482.69016635936,30.612,46.15398146030853,8.776890852325295
NIC,Nicaragua,2024,Latin America & Caribbean,Lower middle income,51.082,81.873,7661.09410113202,30.791000000000004,62.391753080991286,8.943910085580924
UZB,Uzbekistan,2024,Europe & Central Asia,Lower middle income,41.273,74.241,10997.1707291644,32.967999999999996,55.59327056478227,9.305393312257658
TJK,Tajikistan,2024,Europe & Central Asia,Lower middle income,21.946,55.887,4755.93296704719,33.941,39.268523985900124,8.467148163314203
HND,Honduras,2024,Latin America & Caribbean,Lower middle income,39.617,73.589,6590.84384301553,33.972,53.83549171751213,8.79343666831499
QAT,Qatar,2024,"Middle East, North Africa, Afghanistan & Pakistan",High income,61.78,95.769,111314.250355891,33.989000000000004,64.50939239211017,11.620112564610382
TUR,Turkiye,2024,Europe & Central Asia,Upper middle income,36.786,71.873,36154.490436557,35.087,51.18194593240856,10.495556436651539
MDV,Maldives,2024,South Asia,Upper middle income,40.455,75.968,23034.4098404839,35.513000000000005,53.25268534119629,10.044744456919563
LKA,Sri Lanka,2024,South Asia,Upper middle income,30.998,67.937,13793.0669827677,36.93899999999999,45.62756671622238,9.531921352350809
FJI,Fiji,2024,East Asia & Pacific,Upper middle income,38.501,76.578,13592.4635937435,38.077000000000005,50.27684191282091,9.517270770608802
TUN,Tunisia,2024,"Middle East, North Africa, Afghanistan & Pakistan",Lower middle income,26.635,65.271,12774.9158568021,38.635999999999996,40.80679015182853,9.45523882849852
ARE,United Arab Emirates,2024,"Middle East, North Africa, Afghanistan & Pakistan",High income,52.519,91.578,69701.785835525,39.059000000000005,57.348926598091246,11.151981218163927
KWT,Kuwait,2024,"Middle East, North Africa, Afghanistan & Pakistan",High income,47.336,88.737,46664.2195116056,41.400999999999996,53.344151819421434,10.750732972511335
BGD,Bangladesh,2024,South Asia,Lower middle income,38.708,80.592,8486.78495660517,41.884,48.029581099861026,9.046265521673547
GTM,Guatemala,2024,Latin America & Caribbean,Upper middle income,38.42,81.799,12643.9841235004,43.379000000000005,46.96878934950305,9.444936817679896
BHR,Bahrain,2024,"Middle East, North Africa, Afghanistan & Pakistan",High income,42.406,86.006,59060.1818363183,43.6,49.3058623816943,10.986312234133646
IND,India,2024,South Asia,Lower middle income,32.415,77.594,9416.05137044735,45.178999999999995,41.77513725288038,9.150171104580217
JOR,Jordan,2024,"Middle East, North Africa, Afghanistan & Pakistan",Upper middle income,16.008,62.313,10468.265334284,46.30500000000001,25.689663473111544,9.256103610509161
MAR,Morocco,2024,"Middle East, North Africa, Afghanistan & Pakistan",Lower middle income,19.827,68.291,9162.7470703125,48.464,29.033108315883503,9.12290131121334
SAU,Saudi Arabia,2024,"Middle East, North Africa, Afghanistan & Pakistan",High income,33.305,83.521,63194.4332528832,50.216,39.87619880030172,11.05397149481383
EGY,"Egypt, Arab Rep.",2024,"Middle East, North Africa, Afghanistan & Pakistan",Lower middle income,18.468,70.559,16798.151577838,52.090999999999994,26.173840332204257,9.729024134209451
DZA,Algeria,2024,"Middle East, North Africa, Afghanistan & Pakistan",Upper middle income,14.306,66.979,15501.9197003966,52.673,21.35893339703489,9.648719146876847
IRN,"Iran, Islamic Rep.",2024,"Middle East, North Africa, Afghanistan & Pakistan",Upper middle income,14.144,67.69,17484.1320140467,53.546,20.895257792879303,9.769049006517884
PAK,Pakistan,2024,"Middle East, North Africa, Afghanistan & Pakistan",Lower middle income,23.989,80.083,5502.0736120186,56.093999999999994,29.955171509558838,8.612880320533261
OMN,Oman,2024,"Middle East, North Africa, Afghanistan & Pakistan",High income,30.061,88.06,36721.0804548374,57.999,34.136952078128544,10.51110626845289
IRQ,Iraq,2024,"Middle East, North Africa, Afghanistan & Pakistan",Upper middle income,11.003,72.62,12725.0431260364,61.617000000000004,15.151473423299366,9.451327230492462
AFG,Afghanistan,2024,"Middle East, North Africa, Afghanistan & Pakistan",Low income,5.123,69.954,1964.45228895456,64.83099999999999,7.323383938016412,7.582968752093541
