iso3c,country,gap_2024,gap_1990,gap_change
MLT,Malta,15.93,47.446,-31.516
CPV,Cabo Verde,13.028999999999996,43.857,-30.828000000000003
BEN,Benin,2.5829999999999984,31.590000000000003,-29.007000000000005
GUY,Guyana,16.216,44.672,-28.455999999999996
IRL,Ireland,10.535999999999994,38.208000000000006,-27.67200000000001
LUX,Luxembourg,8.207,34.016,-25.808999999999997
CRI,Costa Rica,23.875,49.343,-25.468000000000004
ESP,Spain,9.536999999999999,34.066,-24.529000000000003
CHL,Chile,19.235000000000007,43.688,-24.452999999999996
CYP,Cyprus,11.525000000000006,34.848000000000006,-23.323
TON,Tonga,17.18,39.33200000000001,-22.152000000000008
SGP,Singapore,11.725000000000001,33.589000000000006,-21.864000000000004
HKG,"Hong Kong SAR, China",10.329,32.081,-21.752000000000002
BGD,Bangladesh,41.884,63.434999999999995,-21.550999999999995
ARE,United Arab Emirates,39.059000000000005,60.476000000000006,-21.417
MUS,Mauritius,22.426999999999992,43.745000000000005,-21.318000000000012
NIC,Nicaragua,30.791000000000004,52.07099999999999,-21.279999999999987
BRA,Brazil,20.026000000000003,41.04299999999999,-21.01699999999999
PAN,Panama,23.166999999999994,44.035999999999994,-20.869
MDV,Maldives,35.513000000000005,56.13499999999999,-20.621999999999986
DOM,Dominican Republic,23.104999999999997,43.406,-20.301000000000002
MEX,Mexico,29.801000000000002,50.032000000000004,-20.231
CIV,Cote d'Ivoire,14.956000000000003,34.967999999999996,-20.011999999999993
VCT,St. Vincent and the Grenadines,17.236000000000004,36.68500000000001,-19.449000000000005
IRN,"Iran, Islamic Rep.",53.546,72.95400000000001,-19.40800000000001
BLZ,Belize,25.933000000000007,44.923,-18.989999999999995
BWA,Botswana,10.322000000000003,29.284999999999997,-18.962999999999994
ISR,Israel,6.701999999999998,25.58,-18.878
SWZ,Eswatini,5.732000000000006,23.80899999999999,-18.076999999999984
CHE,Switzerland,9.259,26.982999999999997,-17.723999999999997
LCA,St. Lucia,12.925000000000004,30.64,-17.714999999999996
PRT,Portugal,7.545999999999999,24.60300000000001,-17.05700000000001
PAK,Pakistan,56.093999999999994,72.832,-16.738
PRI,Puerto Rico (US),12.755000000000003,29.43,-16.674999999999997
BRN,Brunei Darussalam,18.347,34.984,-16.637
DEU,Germany,10.799999999999997,27.264000000000003,-16.464000000000006
AUT,Austria,10.433999999999997,26.660000000000004,-16.226000000000006
NPL,Nepal,25.688000000000002,41.411,-15.722999999999999
GRC,Greece,15.225999999999999,30.875,-15.649000000000001
AUS,Australia,8.271000000000008,23.420999999999992,-15.149999999999984
PER,Peru,15.941000000000003,31.028,-15.086999999999996
BEL,Belgium,9.328000000000003,24.405,-15.076999999999998
SLV,El Salvador,28.038000000000004,43.04200000000001,-15.004000000000005
MAC,"Macao SAR, China",10.543999999999997,25.537999999999997,-14.994
BHR,Bahrain,43.6,58.382000000000005,-14.782000000000004
BOL,Bolivia,11.935000000000002,26.699999999999996,-14.764999999999993
BTN,Bhutan,15.338999999999992,29.989000000000004,-14.650000000000013
SAU,Saudi Arabia,50.216,64.80499999999999,-14.588999999999992
ZAF,South Africa,11.986999999999995,26.257999999999996,-14.271
URY,Uruguay,16.193999999999996,30.459000000000003,-14.265000000000008
TUN,Tunisia,38.635999999999996,52.8,-14.164000000000001
ITA,Italy,17.634,31.477000000000004,-13.843000000000004
NLD,Netherlands,9.268999999999998,22.854,-13.585
SUR,Suriname,18.025999999999996,31.587999999999994,-13.561999999999998
ARG,Argentina,19.488000000000007,32.982000000000006,-13.494
GBR,United Kingdom,8.330000000000005,21.806999999999995,-13.47699999999999
MYS,Malaysia,27.564,40.471000000000004,-12.907000000000004
PRY,Paraguay,22.771,35.586000000000006,-12.815000000000005
MRT,Mauritania,30.612,43.22099999999999,-12.608999999999991
DZA,Algeria,52.673,65.264,-12.590999999999994
NZL,New Zealand,8.713000000000008,20.817999999999998,-12.10499999999999
HRV,Croatia,10.093000000000004,21.989000000000004,-11.896
TTO,Trinidad and Tobago,20.367000000000004,31.898000000000003,-11.530999999999999
JPN,Japan,15.899000000000008,27.247,-11.347999999999992
SEN,Senegal,27.607999999999997,38.791999999999994,-11.183999999999997
FRA,France,8.122999999999998,19.139000000000003,-11.016000000000005
NGA,Nigeria,3.6710000000000065,14.552000000000007,-10.881
QAT,Qatar,33.989000000000004,44.848000000000006,-10.859000000000002
NOR,Norway,7.052999999999997,17.902000000000008,-10.84900000000001
TUR,Turkiye,35.087,45.256,-10.168999999999997
IRQ,Iraq,61.617000000000004,71.153,-9.536000000000001
GNB,Guinea-Bissau,9.414000000000001,18.779999999999994,-9.365999999999993
CAN,Canada,8.753999999999998,18.072999999999993,-9.318999999999996
EST,Estonia,8.949999999999996,18.196999999999996,-9.247
HTI,Haiti,11.509,20.567000000000007,-9.058000000000007
MAR,Morocco,48.464,57.477000000000004,-9.013000000000005
KOR,"Korea, Rep.",15.354999999999997,24.205000000000005,-8.850000000000009
RWA,Rwanda,13.408999999999999,22.246999999999993,-8.837999999999994
HND,Honduras,33.972,42.808,-8.835999999999999
IND,India,45.178999999999995,53.748999999999995,-8.57
BHS,"Bahamas, The",6.420000000000002,14.951000000000008,-8.531000000000006
ALB,Albania,11.966999999999992,20.430999999999997,-8.464000000000006
USA,United States,10.791999999999994,19.147,-8.355000000000004
BRB,Barbados,7.612999999999992,15.890999999999991,-8.277999999999999
MDA,Moldova,-0.04000000000000625,8.14,-8.180000000000007
ECU,Ecuador,24.553999999999995,32.432,-7.878000000000007
JOR,Jordan,46.30500000000001,54.101000000000006,-7.795999999999999
TGO,Togo,2.551000000000002,10.061,-7.509999999999998
ZMB,Zambia,11.263000000000005,18.302,-7.038999999999994
PHL,Philippines,22.029000000000003,28.503000000000007,-6.474000000000004
NAM,Namibia,8.202999999999996,14.588999999999999,-6.386000000000003
FIN,Finland,6.483000000000004,12.762999999999998,-6.279999999999994
NER,Niger,13.352999999999994,19.576999999999998,-6.224000000000004
AZE,Azerbaijan,5.314,11.23299999999999,-5.91899999999999
BIH,Bosnia and Herzegovina,20.955,26.404000000000003,-5.449000000000005
STP,Sao Tome and Principe,1.256999999999998,5.979000000000003,-4.722000000000005
GAB,Gabon,18.630000000000003,23.024,-4.393999999999998
DNK,Denmark,8.387,12.672000000000004,-4.285000000000004
LBY,Libya,29.58,33.852000000000004,-4.272000000000006
CZE,Czechia,14.231000000000002,18.501999999999995,-4.270999999999994
ZWE,Zimbabwe,12.243000000000002,16.500999999999998,-4.257999999999996
LTU,Lithuania,11.278000000000006,14.773999999999994,-3.495999999999988
LVA,Latvia,11.726000000000006,15.201999999999998,-3.475999999999992
IDN,Indonesia,28.747999999999998,32.216,-3.4680000000000035
THA,Thailand,15.879999999999995,19.34599999999999,-3.465999999999994
ISL,Iceland,9.579999999999998,12.977000000000004,-3.3970000000000056
UZB,Uzbekistan,32.967999999999996,36.314,-3.3460000000000036
COM,Comoros,16.507000000000005,19.653,-3.1459999999999937
SVN,Slovenia,10.607,13.707,-3.1000000000000014
COL,Colombia,24.142999999999994,27.083000000000006,-2.940000000000012
MKD,North Macedonia,19.36,22.249000000000002,-2.889000000000003
SWE,Sweden,6.092000000000006,8.63000000000001,-2.538000000000004
LBR,Liberia,9.280000000000001,11.759999999999991,-2.4799999999999898
SVK,Slovak Republic,11.028000000000006,13.268999999999998,-2.2409999999999926
FJI,Fiji,38.077000000000005,40.19199999999999,-2.114999999999988
JAM,Jamaica,13.295000000000002,15.25,-1.9549999999999983
GMB,"Gambia, The",4.215000000000003,6.0760000000000005,-1.860999999999997
POL,Poland,14.063000000000002,15.921000000000006,-1.858000000000004
BDI,Burundi,-2.512999999999991,-0.7379999999999995,-1.7749999999999915
RUS,Russian Federation,14.569000000000003,16.317000000000007,-1.7480000000000047
GNQ,Equatorial Guinea,14.540999999999997,16.205999999999996,-1.6649999999999991
COG,"Congo, Rep.",4.513000000000005,5.977999999999994,-1.4649999999999892
CHN,China,10.818999999999996,12.021999999999991,-1.2029999999999959
GTM,Guatemala,43.379000000000005,44.556,-1.1769999999999925
WSM,Samoa,24.058000000000003,25.206999999999994,-1.1489999999999903
TKM,Turkmenistan,7.93,8.381999999999998,-0.4519999999999982
BLR,Belarus,13.201000000000008,13.525000000000006,-0.32399999999999807
KAZ,Kazakhstan,11.097000000000008,10.979,0.11800000000000921
MDG,Madagascar,5.135999999999996,4.736000000000004,0.3999999999999915
GHA,Ghana,6.705000000000005,6.152999999999992,0.5520000000000138
ARM,Armenia,18.462000000000003,17.783,0.679000000000002
TLS,Timor-Leste,10.574999999999996,9.820999999999998,0.7539999999999978
SLB,Solomon Islands,3.8299999999999983,2.817999999999998,1.0120000000000005
BGR,Bulgaria,12.088000000000001,10.960999999999999,1.1270000000000024
PNG,Papua New Guinea,2.465999999999994,0.8890000000000029,1.576999999999991
VNM,Viet Nam,8.778999999999996,7.164999999999992,1.6140000000000043
HUN,Hungary,13.196999999999996,11.485999999999997,1.7109999999999985
TZA,Tanzania,7.079999999999998,5.3359999999999985,1.7439999999999998
AGO,Angola,5.163000000000011,3.4110000000000014,1.7520000000000095
KWT,Kuwait,41.400999999999996,39.567,1.833999999999996
ROU,Romania,19.941999999999993,18.080999999999996,1.860999999999997
KEN,Kenya,8.927999999999997,6.658999999999992,2.2690000000000055
BFA,Burkina Faso,12.108999999999995,9.394999999999996,2.7139999999999986
KGZ,Kyrgyz Republic,27.244,24.259000000000007,2.9849999999999923
EGY,"Egypt, Arab Rep.",52.090999999999994,49.07299999999999,3.0180000000000007
UGA,Uganda,9.016999999999996,5.203000000000003,3.813999999999993
OMN,Oman,57.999,54.11,3.889000000000003
LSO,Lesotho,18.716,14.662000000000006,4.053999999999995
VUT,Vanuatu,9.661999999999999,5.51400000000001,4.147999999999989
MWI,Malawi,9.154999999999994,4.840999999999994,4.314
COD,"Congo, Dem. Rep.",5.134999999999998,0.7240000000000038,4.410999999999994
LKA,Sri Lanka,36.93899999999999,32.477999999999994,4.4609999999999985
CAF,Central African Republic,17.259,12.725999999999999,4.533000000000001
LAO,Lao PDR,9.061,4.347000000000008,4.7139999999999915
MNG,Mongolia,16.717999999999996,11.758000000000003,4.959999999999994
GEO,Georgia,16.930999999999997,11.951999999999998,4.978999999999999
KHM,Cambodia,10.542999999999992,5.466999999999999,5.075999999999993
SLE,Sierra Leone,3.5690000000000026,-1.5139999999999958,5.082999999999998
ETH,Ethiopia,20.330999999999996,14.311999999999998,6.018999999999998
CMR,Cameroon,17.036,9.49900000000001,7.536999999999992
MLI,Mali,27.951999999999998,19.705000000000005,8.246999999999993
TCD,Chad,24.221999999999994,15.676000000000002,8.545999999999992
MOZ,Mozambique,3.343999999999994,-5.804999999999993,9.148999999999987
MMR,Myanmar,28.754999999999995,17.342999999999996,11.411999999999999
TJK,Tajikistan,33.941,22.343999999999994,11.597000000000008
GIN,Guinea,20.379000000000005,0.5229999999999961,19.85600000000001
AFG,Afghanistan,64.83099999999999,NA,NA
DJI,Djibouti,25.509999999999998,NA,NA
LBN,Lebanon,NA,55.568000000000005,NA
MNE,Montenegro,14.384,NA,NA
SRB,Serbia,13.941000000000003,NA,NA
SOM,"Somalia, Fed. Rep.",26.6,NA,NA
SDN,Sudan,NA,53.312,NA
SYR,Syrian Arab Republic,NA,64.032,NA
UKR,Ukraine,NA,13.199000000000005,NA
